tiene_catalogo,tiene_web,tipologia,titularidad,gestion,antiguedad_biblioteca,anio_fundacion_missing,bibliotecas_municipio,poblacion_municipio,densidad_hab_km2,tiene_poblacion_externa
1,1,Bibliotecas Públicas,Administración Local - Ayuntamientos,Administración Local - Ayuntamientos,,1,1,,,0
1,1,Bibliotecas Públicas,Administración Local - Ayuntamientos,Administración Local - Ayuntamientos,44.0,0,1,,,0
1,1,Bibliotecas Públicas,Administración Local - Ayuntamientos,Administración Local - Ayuntamientos,21.0,0,1,,,0
1,1,Bibliotecas Públicas,Administración Local - Ayuntamientos,Administración Local - Ayuntamientos,69.0,0,1,,,0
1,1,Bibliotecas Públicas,Administración Local - Ayuntamientos,Administración Local - Ayuntamientos,93.0,0,1,,,0
0,0,Bibliotecas Públicas,Administración Local - Ayuntamientos,Administración Local - Ayuntamientos,,1,1,,,0
0,0,Bibliotecas Públicas,Administración Local - Ayuntamientos,Administración Local - Ayuntamientos,48.0,0,1,,,0
1,1,Bibliotecas Públicas,Administración Local - Ayuntamientos,Administración Local - Ayuntamientos | Gestión compartida: Administración Local - Diputaciones provinciales,34.0,0,9,230642.0,10889.6,1
1,1,Bibliotecas Públicas,Administración Local - Ayuntamientos,Administración Local - Ayuntamientos,11.0,0,9,230642.0,10889.6,1
1,1,Bibliotecas de instituciones de enseñanza superior - Universitaria,Universitaria - Pública,Universitaria - Pública,,1,9,230642.0,10889.6,1
1,1,Bibliotecas Públicas,Administración Local - Ayuntamientos,Administración Local - Ayuntamientos,24.0,0,9,230642.0,10889.6,1
1,1,Bibliotecas Públicas,Administración Local - Ayuntamientos,Administración Local - Ayuntamientos,32.0,0,9,230642.0,10889.6,1
1,1,Bibliotecas Públicas,Administración Local - Ayuntamientos,Administración Local - Ayuntamientos,39.0,0,9,230642.0,10889.6,1
1,1,Bibliotecas Públicas,Administración Local - Ayuntamientos,Administración Local - Ayuntamientos,31.0,0,9,230642.0,10889.6,1
0,1,Bibliotecas especializadas - De centros sanitarios - De hospitales,Privada - Otras instituciones,Privada - Otras instituciones,,1,9,230642.0,10889.6,1
0,1,Bibliotecas especializadas - De la Administración - De otros organismos públicos,Administración Local - Ayuntamientos,Administración Local - Ayuntamientos,,1,9,230642.0,10889.6,1
1,1,Bibliotecas Públicas,Administración Local - Ayuntamientos,Administración Local - Ayuntamientos,,1,1,,,0
1,1,Bibliotecas especializadas - De la Administración - De otros organismos públicos,Administración Autonómica - Consejerías y Departamentos,Administración Autonómica - Consejerías y Departamentos,43.0,0,1,,,0
1,1,Bibliotecas Públicas,Administración Local - Ayuntamientos,Administración Local - Ayuntamientos,34.0,0,1,,,0
1,1,Bibliotecas Públicas,Administración Local - Ayuntamientos,Administración Local - Ayuntamientos,,1,1,34031.0,4095.2,1
1,1,Bibliotecas de instituciones de enseñanza superior - Universitaria,Universitaria - Pública,Universitaria - Pública,36.0,0,214,1713247.0,16904.3,1
1,1,Bibliotecas de instituciones de enseñanza superior - Universitaria,Universitaria - Privada,Universitaria - Privada,34.0,0,214,1713247.0,16904.3,1
1,1,Bibliotecas de instituciones de enseñanza superior - Universitaria,Universitaria - Privada,Universitaria - Privada,,1,214,1713247.0,16904.3,1
1,1,Bibliotecas Públicas,Administración Local - Ayuntamientos,Administración Local - Ayuntamientos,19.0,0,214,1713247.0,16904.3,1
1,1,Bibliotecas de instituciones de enseñanza superior - Universitaria,Universitaria - Pública,Universitaria - Pública,36.0,0,214,1713247.0,16904.3,1
1,1,Bibliotecas especializadas - De Archivos,Administración Local - Ayuntamientos,Administración Local - Ayuntamientos,,1,214,1713247.0,16904.3,1
0,0,Bibliotecas especializadas - De Archivos,Administración Local - Diputaciones provinciales,Administración Local - Diputaciones provinciales,,1,214,1713247.0,16904.3,1
1,1,"Bibliotecas especializadas - De instituciones religiosas - De la Iglesia Católica (Diocesanas, Episcopales y Catedralicias)",Privada - Instituciones religiosas,Privada - Instituciones religiosas,,1,214,1713247.0,16904.3,1
0,1,Bibliotecas especializadas - De la Administración - De otros organismos públicos,Administración Autonómica - Consejerías y Departamentos,Administración Autonómica - Consejerías y Departamentos,25.0,0,214,1713247.0,16904.3,1
0,1,Bibliotecas especializadas - Otras bibliotecas especializadas,Privada - Otras instituciones,Privada - Otras instituciones,78.0,0,214,1713247.0,16904.3,1
0,0,Bibliotecas especializadas - Otras bibliotecas especializadas,Privada - Otras instituciones,Privada - Otras instituciones,,1,214,1713247.0,16904.3,1
0,1,Bibliotecas especializadas - De asociaciones,Privada - Otras instituciones,Privada - Otras instituciones,82.0,0,214,1713247.0,16904.3,1
1,0,Bibliotecas especializadas - De la Administración - De otros organismos públicos,"Poder Judicial - Tribunales, Audiencias y Juzgados",Administración Autonómica - Consejerías y Departamentos,17.0,0,214,1713247.0,16904.3,1
0,1,Bibliotecas especializadas - De centros de investigación - De Reales Academias,"Administración General del Estado - Ministerio de Ciencia, Innovación y Universidades","Administración General del Estado - Ministerio de Ciencia, Innovación y Universidades",,1,214,1713247.0,16904.3,1
1,1,Bibliotecas especializadas - De centros de investigación - De Reales Academias,Privada - Otras instituciones,Privada - Otras instituciones,,1,214,1713247.0,16904.3,1
1,0,Bibliotecas especializadas - De asociaciones - De asociaciones profesionales,Privada - Otras instituciones,Privada - Otras instituciones,,1,214,1713247.0,16904.3,1
1,1,Bibliotecas especializadas - Otras bibliotecas especializadas - De casinos y ateneos,Privada - Otras instituciones,Privada - Otras instituciones,155.0,0,214,1713247.0,16904.3,1
1,1,Bibliotecas especializadas - De museos y conjuntos arqueológicos,Administración Local - Diputaciones provinciales,Administración Local - Diputaciones provinciales,,1,214,1713247.0,16904.3,1
1,1,Bibliotecas especializadas - De la Administración Corporativa - De colegios profesionales,Privada - Otras instituciones,Privada - Otras instituciones,136.0,0,214,1713247.0,16904.3,1
0,0,Bibliotecas especializadas - De la Administración Corporativa - De colegios profesionales,Privada - Otras instituciones,Privada - Otras instituciones,,1,214,1713247.0,16904.3,1
1,1,Bibliotecas especializadas - De la Administración - De otros organismos públicos,Administración Autonómica - Consejerías y Departamentos,Administración Autonómica - Consejerías y Departamentos,41.0,0,214,1713247.0,16904.3,1
1,1,Bibliotecas especializadas - Otras bibliotecas especializadas - De centros de formación permanente,Otra titularidad - Alemania. Instituto de Cultura,Otra titularidad - Alemania. Instituto de Cultura,,1,214,1713247.0,16904.3,1
0,0,Bibliotecas especializadas - De la Administración - De otros organismos públicos,"Poder Judicial - Tribunales, Audiencias y Juzgados",Administración Autonómica - Consejerías y Departamentos,,1,214,1713247.0,16904.3,1
1,1,Bibliotecas Públicas,Administración Local - Ayuntamientos,Administración Local - Ayuntamientos,17.0,0,214,1713247.0,16904.3,1
1,1,Bibliotecas Públicas,Administración Local - Ayuntamientos,Administración Local - Ayuntamientos,17.0,0,214,1713247.0,16904.3,1
1,1,Bibliotecas especializadas - De asociaciones - De asociaciones profesionales,Privada - Otras instituciones,Privada - Otras instituciones,61.0,0,214,1713247.0,16904.3,1
1,1,Bibliotecas Públicas,Administración Local - Ayuntamientos,Administración Local - Ayuntamientos,17.0,0,214,1713247.0,16904.3,1
0,1,Bibliotecas especializadas - De la Administración - De otros organismos públicos,Administración Autonómica - Consejerías y Departamentos,Administración Autonómica - Consejerías y Departamentos,,1,214,1713247.0,16904.3,1
1,1,Bibliotecas especializadas - De la Administración - De otros organismos públicos,Administración Autonómica - Consejerías y Departamentos,Administración Autonómica - Consejerías y Departamentos,,1,214,1713247.0,16904.3,1
1,1,Bibliotecas especializadas - Otras bibliotecas especializadas - De centros de formación permanente,Otra titularidad - Francia. Ministerio de Educación,Otra titularidad - Francia. Ministerio de Educación,,1,214,1713247.0,16904.3,1
1,1,Bibliotecas especializadas - De la Administración - De otros organismos públicos,Administración Autonómica - Consejerías y Departamentos,Administración Autonómica - Consejerías y Departamentos,,1,214,1713247.0,16904.3,1
0,1,Bibliotecas especializadas - De museos y conjuntos arqueológicos,Privada - Otras instituciones,Privada - Otras instituciones,33.0,0,214,1713247.0,16904.3,1
0,1,Bibliotecas especializadas - De centros sanitarios - De hospitales,Privada - Otras instituciones,Privada - Otras instituciones,,1,214,1713247.0,16904.3,1
1,1,Bibliotecas especializadas - De centros de investigación - De Reales Academias,Privada - Otras instituciones,Privada - Otras instituciones,253.0,0,214,1713247.0,16904.3,1
0,0,Bibliotecas especializadas - De asociaciones - De asociaciones profesionales,Privada - Otras instituciones,Privada - Otras instituciones,,1,214,1713247.0,16904.3,1
1,1,Bibliotecas especializadas - De la Administración - De otros organismos públicos,Administración Local - Ayuntamientos,Administración Local - Ayuntamientos,93.0,0,214,1713247.0,16904.3,1
0,0,Bibliotecas especializadas - De Archivos,Privada - Instituciones religiosas,Privada - Instituciones religiosas,,1,214,1713247.0,16904.3,1
1,1,Bibliotecas especializadas - Otras bibliotecas especializadas,Privada - Otras instituciones,Privada - Otras instituciones,49.0,0,214,1713247.0,16904.3,1
1,1,Bibliotecas especializadas - De la Administración - De otros organismos públicos,Administración Autonómica - Consejerías y Departamentos,Administración Autonómica - Consejerías y Departamentos,,1,214,1713247.0,16904.3,1
1,1,Bibliotecas especializadas - Otras bibliotecas especializadas,Privada - Otras instituciones,Privada - Otras instituciones,147.0,0,214,1713247.0,16904.3,1
1,1,Bibliotecas especializadas - De la Administración - De otros organismos públicos,Administración Autonómica - Consejerías y Departamentos,Administración Autonómica - Consejerías y Departamentos,,1,214,1713247.0,16904.3,1
0,0,Bibliotecas especializadas - De la Administración Corporativa - De colegios profesionales,Privada - Otras instituciones,Privada - Otras instituciones,,1,214,1713247.0,16904.3,1
1,1,Bibliotecas especializadas - De asociaciones - De asociaciones empresariales,Privada - Otras instituciones,Privada - Otras instituciones,137.0,0,214,1713247.0,16904.3,1
1,0,Bibliotecas especializadas - De centros sanitarios - De hospitales,Administración Autonómica - Consejerías y Departamentos,Administración Autonómica - Consejerías y Departamentos,,1,214,1713247.0,16904.3,1
1,1,Bibliotecas especializadas - De la Administración Corporativa - De colegios profesionales,Privada - Otras instituciones,Privada - Otras instituciones,,1,214,1713247.0,16904.3,1
1,1,Bibliotecas especializadas - Otras bibliotecas especializadas - De centros de formación permanente,Privada - Otras instituciones,Privada - Otras instituciones,,1,214,1713247.0,16904.3,1
1,1,Bibliotecas especializadas - De museos y conjuntos arqueológicos,Administración Local - Ayuntamientos,Administración Local - Ayuntamientos,,1,214,1713247.0,16904.3,1
1,1,Bibliotecas especializadas - De la Administración - De otros organismos públicos,Administración Autonómica - Consejerías y Departamentos,Administración Autonómica - Consejerías y Departamentos,,1,214,1713247.0,16904.3,1
0,0,Bibliotecas especializadas - De centros sanitarios - De hospitales,Privada - Otras instituciones,Privada - Otras instituciones,,1,214,1713247.0,16904.3,1
0,0,Bibliotecas especializadas - De instituciones religiosas - De órdenes Religiosas (Conventos y/o Monasterios),Privada - Instituciones religiosas,Privada - Instituciones religiosas,,1,214,1713247.0,16904.3,1
0,0,Bibliotecas especializadas - De instituciones religiosas - De órdenes Religiosas (Conventos y/o Monasterios),Privada - Instituciones religiosas,Privada - Instituciones religiosas,,1,214,1713247.0,16904.3,1
1,1,Bibliotecas especializadas - Otras bibliotecas especializadas,Privada - Otras instituciones,Privada - Otras instituciones,131.0,0,214,1713247.0,16904.3,1
1,1,"Bibliotecas especializadas - De instituciones religiosas - De la Iglesia Católica (Diocesanas, Episcopales y Catedralicias)",Privada - Instituciones religiosas,Privada - Instituciones religiosas,254.0,0,214,1713247.0,16904.3,1
1,1,Bibliotecas especializadas - De asociaciones - Culturales y Deportivas,Privada - Otras instituciones,Privada - Otras instituciones,135.0,0,214,1713247.0,16904.3,1
0,1,Bibliotecas especializadas - De la Administración - De otros organismos públicos,Administración Local - Ayuntamientos,Administración Local - Ayuntamientos,43.0,0,214,1713247.0,16904.3,1
1,1,Bibliotecas especializadas - De la Administración - De otros organismos públicos,Administración Autonómica - Consejerías y Departamentos,Administración Autonómica - Consejerías y Departamentos,41.0,0,214,1713247.0,16904.3,1
1,1,Bibliotecas especializadas - Otras bibliotecas especializadas,Privada - Otras instituciones,Privada - Otras instituciones,,1,214,1713247.0,16904.3,1
1,1,Bibliotecas de instituciones de enseñanza superior - Enseñanzas artísticas y deportivas,Administración Autonómica - Consejerías y Departamentos,Privada - Otras instituciones,,1,214,1713247.0,16904.3,1
0,0,Bibliotecas especializadas - De centros sanitarios - De instituciones de la salud y biociencias,Privada - Otras instituciones,Privada - Otras instituciones,,1,214,1713247.0,16904.3,1
1,1,Bibliotecas especializadas - De la Administración - De otros organismos públicos,Administración Autonómica - Consejerías y Departamentos,Administración Autonómica - Consejerías y Departamentos,,1,214,1713247.0,16904.3,1
0,0,Bibliotecas especializadas - De asociaciones - De asociaciones profesionales,Privada - Otras instituciones,Privada - Otras instituciones,,1,214,1713247.0,16904.3,1
1,1,Bibliotecas especializadas - De la Administración - De otros organismos públicos,Administración Autonómica - Otros organismos de las CC.AA.,Administración Autonómica - Otros organismos de las CC.AA.,45.0,0,214,1713247.0,16904.3,1
1,1,Bibliotecas especializadas - De la Administración - De otros organismos públicos,Administración Autonómica - Consejerías y Departamentos,Administración Autonómica - Consejerías y Departamentos,,1,214,1713247.0,16904.3,1
1,1,Bibliotecas especializadas - De la Administración - De otros organismos públicos,Administración Autonómica - Consejerías y Departamentos,Administración Autonómica - Consejerías y Departamentos,,1,214,1713247.0,16904.3,1
0,1,Bibliotecas especializadas - De centros de investigación - De centros de investigación en ciencia y tecnología,Privada - Otras instituciones,Privada - Otras instituciones,,1,214,1713247.0,16904.3,1
1,1,Bibliotecas especializadas - De la Administración - De otros organismos públicos,Administración Autonómica - Otros organismos de las CC.AA.,Administración Autonómica - Otros organismos de las CC.AA.,,1,214,1713247.0,16904.3,1
0,1,Bibliotecas especializadas - De centros sanitarios - De instituciones de la salud y biociencias,Privada - Otras instituciones,Privada - Otras instituciones,,1,214,1713247.0,16904.3,1
1,1,Bibliotecas especializadas - De la Administración - De otros organismos públicos,Administración Autonómica - Consejerías y Departamentos,Administración Autonómica - Consejerías y Departamentos,,1,214,1713247.0,16904.3,1
1,1,Bibliotecas especializadas - De la Administración - De otros organismos públicos,Administración Autonómica - Consejerías y Departamentos,Administración Autonómica - Consejerías y Departamentos,,1,214,1713247.0,16904.3,1
0,0,Bibliotecas especializadas - De la Administración Corporativa - De colegios profesionales,Privada - Otras instituciones,Privada - Otras instituciones,,1,214,1713247.0,16904.3,1
0,0,Bibliotecas especializadas - De fundaciones,Privada - Otras instituciones,Privada - Otras instituciones,41.0,0,214,1713247.0,16904.3,1
0,1,Bibliotecas especializadas - De la Administración - De otros organismos públicos,Administración Autonómica - Consejerías y Departamentos,Administración Autonómica - Consejerías y Departamentos,,1,214,1713247.0,16904.3,1
0,1,Bibliotecas especializadas - De la Administración Corporativa - De colegios profesionales,Privada - Otras instituciones,Privada - Otras instituciones,,1,214,1713247.0,16904.3,1
0,1,Bibliotecas especializadas - De la Administración - De otros organismos públicos,Administración Autonómica - Otros organismos de las CC.AA.,Administración Autonómica - Otros organismos de las CC.AA.,,1,214,1713247.0,16904.3,1
1,1,Bibliotecas especializadas - De museos y conjuntos arqueológicos,Administración Local - Ayuntamientos,Administración Local - Ayuntamientos,94.0,0,214,1713247.0,16904.3,1
1,1,Bibliotecas especializadas - De la Administración - De otros organismos públicos,Administración Autonómica - Consejerías y Departamentos,Administración Autonómica - Consejerías y Departamentos,,1,214,1713247.0,16904.3,1
1,1,Bibliotecas especializadas - Otras bibliotecas especializadas - De ONG,Privada - Otras instituciones,Privada - Otras instituciones,39.0,0,214,1713247.0,16904.3,1
1,1,Bibliotecas especializadas - De la Administración - De otros organismos públicos,Administración Local - Diputaciones provinciales,Administración Local - Diputaciones provinciales,,1,214,1713247.0,16904.3,1
0,1,Bibliotecas especializadas - De la Administración - De otros organismos públicos,Administración Autonómica - Consejerías y Departamentos,Administración Autonómica - Consejerías y Departamentos,,1,214,1713247.0,16904.3,1
1,1,Bibliotecas especializadas - De la Administración - De otros organismos públicos,Administración Autonómica - Otros organismos de las CC.AA.,Administración Autonómica - Otros organismos de las CC.AA.,26.0,0,214,1713247.0,16904.3,1
0,0,Bibliotecas especializadas - De la Administración - De otros organismos públicos,"Administración General del Estado - Ministerio de Inclusión, Seguridad Social y Migraciones","Administración General del Estado - Ministerio de Inclusión, Seguridad Social y Migraciones",,1,214,1713247.0,16904.3,1
0,0,Bibliotecas especializadas - Otras bibliotecas especializadas,Privada - Otras instituciones,Privada - Otras instituciones,,1,214,1713247.0,16904.3,1
1,1,Bibliotecas especializadas - De centros de investigación - De Reales Academias,Privada - Otras instituciones,Privada - Otras instituciones,98.0,0,214,1713247.0,16904.3,1
1,1,Bibliotecas especializadas - De centros de investigación - De Reales Academias,Privada - Otras instituciones,Privada - Otras instituciones,,1,214,1713247.0,16904.3,1
0,0,Bibliotecas especializadas - De la Administración - De otros organismos públicos,Administración Autonómica - Otros organismos de las CC.AA.,Administración Autonómica - Otros organismos de las CC.AA.,,1,214,1713247.0,16904.3,1
1,1,Bibliotecas de instituciones de enseñanza superior - Universitaria,Universitaria - Privada de la Iglesia Católica,Universitaria - Privada de la Iglesia Católica,67.0,0,214,1713247.0,16904.3,1
0,0,Bibliotecas para grupos específicos de usuarios (no especializadas) - Bibliotecas para grupos específicos de usuarios (no especializadas),Administración Autonómica - Consejerías y Departamentos,Administración Autonómica - Consejerías y Departamentos,43.0,0,214,1713247.0,16904.3,1
1,0,Bibliotecas especializadas - De la Administración - De otros organismos públicos,Administración Autonómica - Otros organismos de las CC.AA.,Administración Autonómica - Otros organismos de las CC.AA.,,1,214,1713247.0,16904.3,1
0,0,Bibliotecas especializadas - De museos y conjuntos arqueológicos,Administración Autonómica - Consejerías y Departamentos,Administración Autonómica - Consejerías y Departamentos,91.0,0,214,1713247.0,16904.3,1
1,1,Bibliotecas especializadas - De museos y conjuntos arqueológicos,Administración Local - Ayuntamientos,Administración Local - Ayuntamientos,31.0,0,214,1713247.0,16904.3,1
1,1,Bibliotecas especializadas - De museos y conjuntos arqueológicos,Administración Local - Ayuntamientos Otra titularidad: Administración Autonómica - Consejerías y Departamentos,Administración Local - Ayuntamientos | Gestión compartida: Administración Autonómica - Consejerías y Departamentos,144.0,0,214,1713247.0,16904.3,1
1,1,Bibliotecas especializadas - De museos y conjuntos arqueológicos,Administración Local - Ayuntamientos Otra titularidad: Administración Local - Diputaciones provinciales,Administración Local - Ayuntamientos | Gestión compartida: Administración Local - Diputaciones provinciales,,1,214,1713247.0,16904.3,1
1,1,Bibliotecas especializadas - De museos y conjuntos arqueológicos,Administración Local - Ayuntamientos,Administración Local - Ayuntamientos,,1,214,1713247.0,16904.3,1
1,1,Bibliotecas especializadas - De la Administración - De parlamentos,Administración Autonómica - Otros organismos de las CC.AA.,Administración Autonómica - Otros organismos de las CC.AA.,,1,214,1713247.0,16904.3,1
0,1,Bibliotecas especializadas - De la Administración - De otros organismos públicos,Administración Local - Diputaciones provinciales,Administración Local - Diputaciones provinciales,,1,214,1713247.0,16904.3,1
1,1,Bibliotecas Públicas,Administración Local - Ayuntamientos,Administración Local - Ayuntamientos,15.0,0,214,1713247.0,16904.3,1
1,1,Bibliotecas Públicas,Administración Local - Ayuntamientos,Administración Local - Ayuntamientos,16.0,0,214,1713247.0,16904.3,1
1,1,Bibliotecas especializadas - De museos y conjuntos arqueológicos,Administración Autonómica - Consejerías y Departamentos,Administración Autonómica - Consejerías y Departamentos,,1,214,1713247.0,16904.3,1
1,1,Bibliotecas Públicas,Administración Local - Ayuntamientos,Administración Local - Ayuntamientos,14.0,0,214,1713247.0,16904.3,1
1,1,Bibliotecas Públicas,Administración Local - Ayuntamientos,Administración Local - Ayuntamientos,15.0,0,214,1713247.0,16904.3,1
0,0,Bibliotecas de instituciones de enseñanza superior - Universitaria,Privada - Otras instituciones,Privada - Otras instituciones,,1,214,1713247.0,16904.3,1
1,1,Bibliotecas especializadas - De la Administración - De otros organismos públicos,Administración Autonómica - Consejerías y Departamentos,Administración Autonómica - Consejerías y Departamentos,,1,214,1713247.0,16904.3,1
1,1,Bibliotecas especializadas - De museos y conjuntos arqueológicos,Administración Local - Ayuntamientos,Administración Local - Ayuntamientos,,1,214,1713247.0,16904.3,1
0,1,Bibliotecas especializadas - Otras bibliotecas especializadas,Administración Autonómica - Otros organismos de las CC.AA.,Administración Autonómica - Otros organismos de las CC.AA.,,1,214,1713247.0,16904.3,1
0,0,Bibliotecas especializadas - De centros de investigación - De instituciones de estudios locales,Privada - Otras instituciones Otra titularidad: Administración Local - Diputaciones provinciales,Privada - Otras instituciones | Gestión compartida: Administración Local - Diputaciones provinciales,119.0,0,214,1713247.0,16904.3,1
0,1,Bibliotecas Nacionales y Centrales de CCAA - Centrales de Comunidades Autónomas,Administración Autonómica - Consejerías y Departamentos,Administración Autonómica - Consejerías y Departamentos,115.0,0,214,1713247.0,16904.3,1
1,1,Bibliotecas especializadas - De Archivos,Administración Local - Ayuntamientos,Administración Local - Ayuntamientos,,1,214,1713247.0,16904.3,1
1,1,Bibliotecas especializadas - De la Administración - De otros organismos públicos,Administración Autonómica - Otros organismos de las CC.AA.,Administración Autonómica - Otros organismos de las CC.AA.,,1,214,1713247.0,16904.3,1
0,0,Bibliotecas especializadas - De la Administración - De otros organismos públicos,Administración Autonómica - Consejerías y Departamentos,Administración Autonómica - Consejerías y Departamentos,,1,214,1713247.0,16904.3,1
0,1,Bibliotecas de instituciones de enseñanza superior - Universitaria,Universitaria - Pública,Universitaria - Pública,,1,214,1713247.0,16904.3,1
1,1,Bibliotecas especializadas - De Archivos,Privada - Otras instituciones,Privada - Otras instituciones,34.0,0,214,1713247.0,16904.3,1
1,1,Bibliotecas especializadas - De la Administración - De otros organismos públicos,Administración Local - Ayuntamientos,Administración Local - Ayuntamientos,46.0,0,214,1713247.0,16904.3,1
1,1,Bibliotecas especializadas - De la Administración - De otros organismos públicos,Administración Autonómica - Consejerías y Departamentos,Administración Autonómica - Consejerías y Departamentos,,1,214,1713247.0,16904.3,1
1,0,Bibliotecas especializadas - Otras bibliotecas especializadas - De centros de formación permanente,Privada - Otras instituciones,Privada - Otras instituciones,,1,214,1713247.0,16904.3,1
1,1,Bibliotecas especializadas - De la Administración - De otros organismos públicos,Administración Autonómica - Consejerías y Departamentos,Administración Autonómica - Consejerías y Departamentos,15.0,0,214,1713247.0,16904.3,1
0,0,Bibliotecas especializadas - De asociaciones,Privada - Otras instituciones,Privada - Otras instituciones,,1,214,1713247.0,16904.3,1
1,1,Bibliotecas especializadas - De museos y conjuntos arqueológicos,Administración Local - Ayuntamientos,Administración Local - Ayuntamientos,36.0,0,214,1713247.0,16904.3,1
1,1,Bibliotecas especializadas - De museos y conjuntos arqueológicos,Privada - Otras instituciones,Privada - Otras instituciones,36.0,0,214,1713247.0,16904.3,1
1,1,Bibliotecas Públicas,Administración Local - Ayuntamientos,Administración Local - Ayuntamientos,13.0,0,214,1713247.0,16904.3,1
1,1,Bibliotecas Públicas,Administración Local - Ayuntamientos,Administración Local - Ayuntamientos,12.0,0,214,1713247.0,16904.3,1
0,1,Bibliotecas Públicas,Administración Local - Ayuntamientos,Administración Local - Ayuntamientos,1.0,0,214,1713247.0,16904.3,1
0,0,Bibliotecas especializadas - De la Administración,Administración General del Estado - Ministerio de Industria y Turismo,Administración General del Estado - Ministerio de Industria y Turismo,,1,214,1713247.0,16904.3,1
1,1,Bibliotecas especializadas - De la Administración Corporativa - De colegios profesionales,Privada - Otras instituciones,Privada - Otras instituciones,36.0,0,214,1713247.0,16904.3,1
1,1,Bibliotecas especializadas - De la Administración - De otros organismos públicos,Administración Local - Diputaciones provinciales,Administración Local - Diputaciones provinciales,50.0,0,214,1713247.0,16904.3,1
0,1,Bibliotecas especializadas - De asociaciones - Culturales y Deportivas,Privada - Otras instituciones,Privada - Otras instituciones,50.0,0,214,1713247.0,16904.3,1
1,1,Bibliotecas especializadas - De asociaciones - Culturales y Deportivas,Privada - Otras instituciones,Privada - Otras instituciones,,1,214,1713247.0,16904.3,1
0,0,Bibliotecas especializadas - De empresas o firmas comerciales,Privada - Otras instituciones,Privada - Otras instituciones,,1,214,1713247.0,16904.3,1
1,1,Bibliotecas especializadas - De museos y conjuntos arqueológicos,Administración Local - Ayuntamientos Otra titularidad: Administración Autonómica - Consejerías y Departamentos,Administración Local - Ayuntamientos | Gestión compartida: Administración Autonómica - Consejerías y Departamentos,15.0,0,214,1713247.0,16904.3,1
1,1,Bibliotecas especializadas - De la Administración - De otros organismos públicos,Administración Autonómica - Consejerías y Departamentos,Administración Autonómica - Consejerías y Departamentos,,1,214,1713247.0,16904.3,1
0,1,Bibliotecas especializadas - De la Administración - De otros organismos públicos,Administración Local - Ayuntamientos,Administración Local - Ayuntamientos,,1,214,1713247.0,16904.3,1
1,1,Bibliotecas Públicas,Administración Local - Ayuntamientos,Administración Local - Ayuntamientos,25.0,0,214,1713247.0,16904.3,1
1,1,Bibliotecas Públicas,Administración Local - Ayuntamientos,Administración Local - Ayuntamientos,,1,214,1713247.0,16904.3,1
1,1,Bibliotecas Públicas,Administración Local - Ayuntamientos,Administración Local - Ayuntamientos,32.0,0,214,1713247.0,16904.3,1
1,1,Bibliotecas Públicas,Administración Local - Ayuntamientos,Administración Local - Ayuntamientos,26.0,0,214,1713247.0,16904.3,1
1,1,Bibliotecas Públicas,Administración Local - Ayuntamientos,Administración Local - Ayuntamientos,,1,214,1713247.0,16904.3,1
0,1,Bibliotecas especializadas - De asociaciones - Culturales y Deportivas,Privada - Otras instituciones,Privada - Otras instituciones,100.0,0,214,1713247.0,16904.3,1
0,1,Bibliotecas especializadas - De museos y conjuntos arqueológicos,Administración Local - Ayuntamientos,Administración Local - Ayuntamientos,,1,214,1713247.0,16904.3,1
1,1,Bibliotecas Públicas,Administración Local - Ayuntamientos,Administración Local - Ayuntamientos,23.0,0,214,1713247.0,16904.3,1
1,1,Bibliotecas Públicas,Administración Local - Ayuntamientos,Administración Local - Ayuntamientos,,1,214,1713247.0,16904.3,1
1,1,Bibliotecas Públicas,Administración Local - Ayuntamientos,Administración Local - Ayuntamientos,21.0,0,214,1713247.0,16904.3,1
1,1,Bibliotecas Públicas,Administración Local - Ayuntamientos,Administración Local - Ayuntamientos,58.0,0,214,1713247.0,16904.3,1
1,1,Bibliotecas Públicas,Administración Local - Ayuntamientos,Administración Local - Ayuntamientos,27.0,0,214,1713247.0,16904.3,1
1,1,Bibliotecas Públicas,Administración Local - Ayuntamientos,Administración Local - Ayuntamientos,24.0,0,214,1713247.0,16904.3,1
1,1,Bibliotecas Públicas,Administración Local - Ayuntamientos,Administración Local - Ayuntamientos,36.0,0,214,1713247.0,16904.3,1
1,1,Bibliotecas Públicas,Administración Local - Ayuntamientos,Administración Local - Ayuntamientos,,1,214,1713247.0,16904.3,1
1,1,Bibliotecas Públicas,Administración Local - Ayuntamientos,Administración Local - Ayuntamientos,,1,214,1713247.0,16904.3,1
1,1,Bibliotecas Públicas,Administración Local - Ayuntamientos,Administración Local - Ayuntamientos,,1,214,1713247.0,16904.3,1
1,1,Bibliotecas Públicas,Administración Local - Ayuntamientos,Administración Local - Ayuntamientos,,1,214,1713247.0,16904.3,1
1,1,Bibliotecas Públicas,Administración Local - Ayuntamientos,Administración Local - Ayuntamientos,25.0,0,214,1713247.0,16904.3,1
1,1,Bibliotecas Públicas,Administración Local - Ayuntamientos,Administración Local - Ayuntamientos,32.0,0,214,1713247.0,16904.3,1
1,1,Bibliotecas Públicas,Administración Local - Ayuntamientos,Administración Local - Ayuntamientos,,1,214,1713247.0,16904.3,1
1,1,Bibliotecas Públicas,Administración Local - Ayuntamientos,Administración Local - Ayuntamientos,26.0,0,214,1713247.0,16904.3,1
1,1,Bibliotecas Públicas,Administración Local - Ayuntamientos,Administración Local - Ayuntamientos,26.0,0,214,1713247.0,16904.3,1
1,1,Bibliotecas Públicas,Administración Local - Ayuntamientos,Administración Local - Ayuntamientos,,1,214,1713247.0,16904.3,1
1,1,Bibliotecas Públicas,Administración Local - Ayuntamientos,Administración Local - Ayuntamientos,,1,214,1713247.0,16904.3,1
1,1,Bibliotecas especializadas - De Archivos,Administración General del Estado - Ministerio de Cultura,Administración General del Estado - Ministerio de Cultura,191.0,0,214,1713247.0,16904.3,1
1,1,Bibliotecas Públicas,Administración Local - Ayuntamientos,Administración Local - Ayuntamientos,22.0,0,214,1713247.0,16904.3,1
1,1,Bibliotecas Nacionales y Centrales de CCAA - Centrales de Comunidades Autónomas,Administración Autonómica - Consejerías y Departamentos,Administración Autonómica - Consejerías y Departamentos,,1,214,1713247.0,16904.3,1
1,1,Bibliotecas especializadas - De centros de investigación - De centros de investigación en ciencia y tecnología,"Administración General del Estado - Ministerio de Ciencia, Innovación y Universidades","Administración General del Estado - Ministerio de Ciencia, Innovación y Universidades",,1,214,1713247.0,16904.3,1
1,0,Bibliotecas especializadas - De la Administración - De otros organismos públicos,Poder Judicial - Consejo General del Poder Judicial,Poder Judicial - Consejo General del Poder Judicial,,1,214,1713247.0,16904.3,1
1,0,Bibliotecas especializadas - De la Administración - De otros organismos públicos,"Poder Judicial - Tribunales, Audiencias y Juzgados",Administración Autonómica - Consejerías y Departamentos,,1,214,1713247.0,16904.3,1
1,1,Bibliotecas especializadas - De centros de investigación - De centros de investigación en ciencia y tecnología,"Administración General del Estado - Ministerio de Ciencia, Innovación y Universidades","Administración General del Estado - Ministerio de Ciencia, Innovación y Universidades",,1,214,1713247.0,16904.3,1
1,1,Bibliotecas de instituciones de enseñanza superior - Universitaria,Universitaria - Pública,Universitaria - Pública,44.0,0,214,1713247.0,16904.3,1
1,1,Bibliotecas de instituciones de enseñanza superior - Universitaria,Universitaria - Pública,Universitaria - Pública,,1,214,1713247.0,16904.3,1
1,1,Bibliotecas de instituciones de enseñanza superior - Universitaria,Universitaria - Pública,Universitaria - Pública,,1,214,1713247.0,16904.3,1
1,1,Bibliotecas de instituciones de enseñanza superior - Universitaria,Universitaria - Pública,Universitaria - Pública,,1,214,1713247.0,16904.3,1
1,1,Bibliotecas de instituciones de enseñanza superior - Universitaria,Universitaria - Pública,Universitaria - Pública,,1,214,1713247.0,16904.3,1
1,1,Bibliotecas especializadas - De centros de investigación - De centros de investigación en ciencia y tecnología,"Administración General del Estado - Ministerio de Ciencia, Innovación y Universidades","Administración General del Estado - Ministerio de Ciencia, Innovación y Universidades",,1,214,1713247.0,16904.3,1
1,0,Bibliotecas especializadas - De centros de investigación - De centros de investigación en ciencia y tecnología,"Administración General del Estado - Ministerio de Ciencia, Innovación y Universidades","Administración General del Estado - Ministerio de Ciencia, Innovación y Universidades",,1,214,1713247.0,16904.3,1
1,0,Bibliotecas especializadas - De la Administración - De otros organismos públicos,Administración General del Estado - Ministerio de Trabajo y Economía Social,Administración General del Estado - Ministerio de Trabajo y Economía Social,54.0,0,214,1713247.0,16904.3,1
1,1,Bibliotecas especializadas - De centros de investigación - De centros de investigación en ciencia y tecnología,"Administración General del Estado - Ministerio de Ciencia, Innovación y Universidades","Administración General del Estado - Ministerio de Ciencia, Innovación y Universidades",,1,214,1713247.0,16904.3,1
1,0,Bibliotecas especializadas - De la Administración - De otros organismos públicos,"Poder Judicial - Tribunales, Audiencias y Juzgados",Administración Autonómica - Consejerías y Departamentos,,1,214,1713247.0,16904.3,1
1,0,Bibliotecas especializadas - De la Administración - De otros organismos públicos,"Poder Judicial - Tribunales, Audiencias y Juzgados",Administración Autonómica - Consejerías y Departamentos,,1,214,1713247.0,16904.3,1
1,1,Bibliotecas Públicas,Administración Local - Ayuntamientos,Administración Local - Ayuntamientos,23.0,0,214,1713247.0,16904.3,1
1,1,Bibliotecas para grupos específicos de usuarios (no especializadas) - Bibliotecas para grupos específicos de usuarios (no especializadas),Administración General del Estado - Ministerio de Defensa,Administración General del Estado - Ministerio de Defensa,25.0,0,214,1713247.0,16904.3,1
1,1,Bibliotecas Públicas,Administración Local - Ayuntamientos,Administración Local - Ayuntamientos,21.0,0,214,1713247.0,16904.3,1
1,1,Bibliotecas Públicas,Administración Local - Ayuntamientos,Administración Local - Ayuntamientos,29.0,0,214,1713247.0,16904.3,1
1,1,Bibliotecas Públicas,Administración Local - Ayuntamientos,Administración Local - Ayuntamientos,19.0,0,214,1713247.0,16904.3,1
1,1,Bibliotecas Públicas,Administración Local - Ayuntamientos,Administración Local - Ayuntamientos,19.0,0,214,1713247.0,16904.3,1
1,1,Bibliotecas Públicas,Administración Local - Ayuntamientos,Administración Local - Ayuntamientos,31.0,0,214,1713247.0,16904.3,1
1,1,Bibliotecas de instituciones de enseñanza superior - Enseñanzas artísticas y deportivas,Administración Local - Ayuntamientos,Administración Local - Ayuntamientos,69.0,0,214,1713247.0,16904.3,1
1,1,Bibliotecas de instituciones de enseñanza superior - Universitaria,Universitaria - Privada de la Iglesia Católica,Universitaria - Privada de la Iglesia Católica,51.0,0,214,1713247.0,16904.3,1
1,1,Bibliotecas de instituciones de enseñanza superior - Universitaria,Universitaria - Pública,Universitaria - Pública,,1,214,1713247.0,16904.3,1
1,1,Bibliotecas de instituciones de enseñanza superior - Universitaria,Universitaria - Pública,Universitaria - Pública,,1,214,1713247.0,16904.3,1
1,1,Bibliotecas de instituciones de enseñanza superior - Universitaria,Universitaria - Pública,Universitaria - Pública,,1,214,1713247.0,16904.3,1
1,1,Bibliotecas de instituciones de enseñanza superior - Universitaria,Universitaria - Pública,Universitaria - Pública,,1,214,1713247.0,16904.3,1
1,1,Bibliotecas de instituciones de enseñanza superior - Universitaria,Universitaria - Pública,Universitaria - Pública,,1,214,1713247.0,16904.3,1
1,1,Bibliotecas de instituciones de enseñanza superior - Universitaria,Universitaria - Pública,Universitaria - Pública,,1,214,1713247.0,16904.3,1
1,1,Bibliotecas de instituciones de enseñanza superior - Universitaria,Universitaria - Pública,Universitaria - Pública,106.0,0,214,1713247.0,16904.3,1
1,1,Bibliotecas de instituciones de enseñanza superior - Universitaria,Universitaria - Pública,Universitaria - Pública,,1,214,1713247.0,16904.3,1
1,1,Bibliotecas de instituciones de enseñanza superior - Universitaria,Universitaria - Pública,Universitaria - Pública,,1,214,1713247.0,16904.3,1
1,1,Bibliotecas de instituciones de enseñanza superior - Universitaria,Universitaria - Pública,Universitaria - Pública,,1,214,1713247.0,16904.3,1
1,1,Bibliotecas de instituciones de enseñanza superior - Universitaria,Universitaria - Pública,Universitaria - Pública,,1,214,1713247.0,16904.3,1
1,1,Bibliotecas de instituciones de enseñanza superior - Universitaria,Universitaria - Privada,Universitaria - Privada,,1,214,1713247.0,16904.3,1
1,1,Bibliotecas de instituciones de enseñanza superior - Universitaria,Universitaria - Pública,Universitaria - Pública,36.0,0,214,1713247.0,16904.3,1
1,1,Bibliotecas de instituciones de enseñanza superior - Universitaria,Universitaria - Privada,Universitaria - Privada,,1,214,1713247.0,16904.3,1
1,1,Bibliotecas de instituciones de enseñanza superior - Universitaria,Universitaria - Privada,Universitaria - Privada,,1,214,1713247.0,16904.3,1
1,1,Bibliotecas de instituciones de enseñanza superior - Universitaria,Universitaria - Privada,Universitaria - Privada,,1,214,1713247.0,16904.3,1
1,1,Bibliotecas de instituciones de enseñanza superior - Universitaria,Universitaria - Privada,Universitaria - Privada,,1,214,1713247.0,16904.3,1
1,1,Bibliotecas de instituciones de enseñanza superior - Universitaria,Universitaria - Privada,Universitaria - Privada,,1,214,1713247.0,16904.3,1
1,1,Bibliotecas de instituciones de enseñanza superior - Universitaria,Universitaria - Privada,Universitaria - Privada,,1,214,1713247.0,16904.3,1
1,1,Bibliotecas especializadas - Otras bibliotecas especializadas - De centros de formación permanente,Administración Local - Ayuntamientos,Administración Local - Ayuntamientos,,1,214,1713247.0,16904.3,1
1,1,Bibliotecas de instituciones de enseñanza superior - Universitaria,Universitaria - Pública,Universitaria - Pública,27.0,0,214,1713247.0,16904.3,1
1,1,Bibliotecas de instituciones de enseñanza superior - Enseñanzas artísticas y deportivas,Administración Autonómica - Otros organismos de las CC.AA.,Administración Autonómica - Otros organismos de las CC.AA.,,1,214,1713247.0,16904.3,1
1,1,Bibliotecas de instituciones de enseñanza superior - Universitaria,Universitaria - Privada,Universitaria - Privada,,1,214,1713247.0,16904.3,1
1,1,Bibliotecas de instituciones de enseñanza superior - Universitaria,Universitaria - Pública,Universitaria - Pública,26.0,0,214,1713247.0,16904.3,1
1,1,Bibliotecas de instituciones de enseñanza superior - Universitaria,Universitaria - Pública,Universitaria - Pública,,1,214,1713247.0,16904.3,1
1,1,Bibliotecas de instituciones de enseñanza superior - Universitaria,Universitaria - Pública,Universitaria - Pública,,1,214,1713247.0,16904.3,1
1,1,Bibliotecas de instituciones de enseñanza superior - Universitaria,Universitaria - Pública,Universitaria - Pública,,1,214,1713247.0,16904.3,1
1,1,Bibliotecas de instituciones de enseñanza superior - Universitaria,Universitaria - Pública,Universitaria - Pública,,1,214,1713247.0,16904.3,1
1,1,Bibliotecas de instituciones de enseñanza superior - Universitaria,Universitaria - Pública,Universitaria - Pública,,1,214,1713247.0,16904.3,1
1,1,Bibliotecas de instituciones de enseñanza superior - Universitaria,Universitaria - Pública,Universitaria - Pública,,1,214,1713247.0,16904.3,1
1,1,Bibliotecas de instituciones de enseñanza superior - Universitaria,Universitaria - Pública,Universitaria - Pública,,1,214,1713247.0,16904.3,1
1,1,Bibliotecas de instituciones de enseñanza superior - Universitaria,Universitaria - Pública,Universitaria - Pública,,1,214,1713247.0,16904.3,1
1,1,Bibliotecas Públicas,Administración Local - Ayuntamientos,Administración Local - Ayuntamientos,,1,1,,,0
1,1,Bibliotecas Públicas,Administración Local - Diputaciones provinciales,Administración Local - Diputaciones provinciales,53.0,0,4,,,0
0,0,Bibliotecas Públicas,Administración Local - Diputaciones provinciales,Administración Local - Diputaciones provinciales,3.0,0,4,,,0
1,1,Bibliotecas especializadas - Otras bibliotecas especializadas,Privada - Otras instituciones,Privada - Otras instituciones,15.0,0,4,,,0
1,1,Bibliotecas Públicas,Administración Local - Ayuntamientos,Administración Local - Ayuntamientos,,1,4,,,0
1,1,Bibliotecas Públicas,Administración Local - Ayuntamientos,Administración Local - Ayuntamientos,15.0,0,1,,,0
1,0,Bibliotecas Públicas,Administración Local - Ayuntamientos,Administración Local - Ayuntamientos,17.0,0,1,,,0
1,0,Bibliotecas Públicas,Administración Local - Ayuntamientos,Administración Local - Ayuntamientos,25.0,0,1,,,0
1,1,Bibliotecas Públicas,Administración Local - Ayuntamientos,Administración Local - Ayuntamientos,27.0,0,2,,,0
0,0,Bibliotecas especializadas - De centros de investigación - De centros de investigación en ciencia y tecnología,Administración Autonómica - Otros organismos de las CC.AA.,Administración Autonómica - Otros organismos de las CC.AA.,,1,2,,,0
1,1,Bibliotecas Públicas,Administración Local - Ayuntamientos,Administración Local - Ayuntamientos,23.0,0,1,,,0
1,1,Bibliotecas Públicas,Administración Local - Ayuntamientos,Administración Local - Ayuntamientos,20.0,0,1,20775.0,2596.9,1
1,1,Bibliotecas Públicas,Administración Local - Ayuntamientos,Administración Local - Ayuntamientos,107.0,0,1,,,0
1,1,Bibliotecas Públicas,Administración Local - Ayuntamientos,Administración Local - Ayuntamientos,27.0,0,1,,,0
0,1,Bibliotecas especializadas - De museos y conjuntos arqueológicos,Administración Local - Ayuntamientos,Administración Local - Ayuntamientos,,1,2,,,0
1,0,Bibliotecas Públicas,Administración Local - Ayuntamientos,Administración Local - Ayuntamientos,,1,2,,,0
1,1,Bibliotecas Públicas,Administración Local - Ayuntamientos,Administración Local - Ayuntamientos,,1,1,,,0
1,1,Bibliotecas Públicas,Administración Local - Ayuntamientos,Administración Local - Ayuntamientos,17.0,0,1,,,0
1,1,Bibliotecas Públicas,Administración Local - Ayuntamientos,Administración Local - Ayuntamientos,100.0,0,1,25395.0,565.5,1
1,1,Bibliotecas Públicas,Administración Local - Ayuntamientos,Administración Local - Ayuntamientos,,1,1,,,0
1,1,Bibliotecas de instituciones de enseñanza superior - Universitaria,Universitaria - Pública,Universitaria - Pública,,1,2,69689.0,5414.8,1
1,1,Bibliotecas Públicas,Administración Local - Ayuntamientos,Administración Local - Ayuntamientos,40.0,0,2,69689.0,5414.8,1
1,1,Bibliotecas Públicas,Administración Local - Ayuntamientos,Administración Local - Ayuntamientos,28.0,0,1,,,0
1,1,Bibliotecas Públicas,Administración Local - Ayuntamientos,Administración Local - Ayuntamientos,,1,10,58264.0,1906.5,1
1,1,Bibliotecas de instituciones de enseñanza superior - Universitaria,Universitaria - Pública,Universitaria - Pública,,1,10,58264.0,1906.5,1
1,1,Bibliotecas de instituciones de enseñanza superior - Universitaria,Universitaria - Pública,Universitaria - Pública,,1,10,58264.0,1906.5,1
1,1,Bibliotecas de instituciones de enseñanza superior - Universitaria,Universitaria - Pública,Universitaria - Pública,,1,10,58264.0,1906.5,1
1,1,Bibliotecas de instituciones de enseñanza superior - Universitaria,Universitaria - Pública,Universitaria - Pública,,1,10,58264.0,1906.5,1
1,1,Bibliotecas de instituciones de enseñanza superior - Universitaria,Universitaria - Pública,Universitaria - Pública,,1,10,58264.0,1906.5,1
1,1,Bibliotecas de instituciones de enseñanza superior - Universitaria,Universitaria - Pública,Universitaria - Pública,,1,10,58264.0,1906.5,1
1,1,Bibliotecas especializadas - De centros de investigación - De centros de investigación en ciencia y tecnología,"Administración General del Estado - Ministerio de Ciencia, Innovación y Universidades","Administración General del Estado - Ministerio de Ciencia, Innovación y Universidades",35.0,0,10,58264.0,1906.5,1
1,1,Bibliotecas especializadas - De centros de investigación - De centros de investigación en ciencia y tecnología,"Administración General del Estado - Ministerio de Ciencia, Innovación y Universidades","Administración General del Estado - Ministerio de Ciencia, Innovación y Universidades",,1,10,58264.0,1906.5,1
1,1,Bibliotecas especializadas - De la Administración - De otros organismos públicos,Administración Local - Ayuntamientos,Administración Local - Ayuntamientos,33.0,0,10,58264.0,1906.5,1
1,0,Bibliotecas Públicas,Administración Local - Ayuntamientos,Administración Local - Ayuntamientos,20.0,0,1,,,0
1,1,Bibliotecas Públicas,Administración Local - Ayuntamientos,Administración Local - Ayuntamientos,,1,1,,,0
1,1,Bibliotecas Públicas,Administración Local - Ayuntamientos,Administración Local - Ayuntamientos,16.0,0,1,,,0
1,1,Bibliotecas Públicas,Administración Local - Ayuntamientos,Administración Local - Ayuntamientos,,1,5,92255.0,13198.1,1
1,1,Bibliotecas Públicas,Administración Local - Ayuntamientos,Administración Local - Ayuntamientos,4.0,0,5,92255.0,13198.1,1
1,1,Bibliotecas Públicas,Administración Local - Ayuntamientos,Administración Local - Ayuntamientos,17.0,0,5,92255.0,13198.1,1
1,1,Bibliotecas Públicas,Administración Local - Ayuntamientos,Administración Local - Ayuntamientos,13.0,0,5,92255.0,13198.1,1
1,1,Bibliotecas Públicas,Administración Local - Ayuntamientos,Administración Local - Ayuntamientos,4.0,0,5,92255.0,13198.1,1
0,1,Bibliotecas Públicas,Administración Local - Ayuntamientos,Administración Local - Ayuntamientos,43.0,0,1,,,0
1,1,Bibliotecas Públicas,Administración Local - Ayuntamientos,Administración Local - Ayuntamientos,56.0,0,1,,,0
1,1,Bibliotecas Públicas,Administración Local - Ayuntamientos,Administración Local - Ayuntamientos,28.0,0,1,24727.0,7294.1,1
1,1,Bibliotecas Públicas,Administración Local - Ayuntamientos,Administración Local - Ayuntamientos,,1,1,,,0
1,1,Bibliotecas Públicas,Administración Local - Ayuntamientos,Administración Local - Ayuntamientos,16.0,0,1,,,0
1,1,Bibliotecas Públicas,Administración Local - Ayuntamientos,Administración Local - Ayuntamientos,,1,1,66251.0,2109.2,1
1,1,Bibliotecas Públicas,Administración Local - Ayuntamientos,Administración Local - Ayuntamientos,,1,1,22639.0,826.2,1
1,1,Bibliotecas Públicas,Administración Local - Ayuntamientos,Administración Local - Ayuntamientos,27.0,0,3,48424.0,10527.0,1
1,1,Bibliotecas de instituciones de enseñanza superior - Universitaria,Universitaria - Privada,Universitaria - Privada,,1,3,48424.0,10527.0,1
0,1,Bibliotecas especializadas - De la Administración - De otros organismos públicos,Administración Autonómica - Consejerías y Departamentos,Administración Autonómica - Consejerías y Departamentos,,1,3,48424.0,10527.0,1
1,1,Bibliotecas Públicas,Administración Local - Ayuntamientos,Administración Local - Ayuntamientos,23.0,0,3,48181.0,1566.9,1
1,1,Bibliotecas Públicas,Administración Local - Ayuntamientos,Administración Local - Ayuntamientos,35.0,0,3,48181.0,1566.9,1
1,1,Bibliotecas especializadas - De la Administración - De otros organismos públicos,Administración Local - Ayuntamientos Otra titularidad: Administración Local - Diputaciones provinciales,Administración Local - Ayuntamientos | Gestión compartida: Administración Local - Diputaciones provinciales,21.0,0,3,48181.0,1566.9,1
1,1,Bibliotecas Públicas,Administración Local - Ayuntamientos,Administración Local - Ayuntamientos,38.0,0,1,,,0
1,1,Bibliotecas Públicas,Administración Local - Ayuntamientos,Administración Local - Ayuntamientos,11.0,0,1,,,0
1,1,Bibliotecas Públicas,Administración Local - Diputaciones provinciales,Administración Local - Diputaciones provinciales,24.0,0,7,65123.0,4379.5,1
1,1,Bibliotecas Públicas,Administración Local - Ayuntamientos,Administración Local - Ayuntamientos,31.0,0,7,65123.0,4379.5,1
1,0,Bibliotecas especializadas - De la Administración - De otros organismos públicos,"Poder Judicial - Tribunales, Audiencias y Juzgados","Poder Judicial - Tribunales, Audiencias y Juzgados",,1,7,65123.0,4379.5,1
1,1,Bibliotecas especializadas - De centros sanitarios - De hospitales,Privada - Otras instituciones,Privada - Otras instituciones,,1,7,65123.0,4379.5,1
1,1,Bibliotecas Públicas,Administración Local - Ayuntamientos,Administración Local - Ayuntamientos,21.0,0,7,65123.0,4379.5,1
1,1,Bibliotecas especializadas - De museos y conjuntos arqueológicos,Administración Local - Otras entidades locales,Administración Local - Otras entidades locales,46.0,0,7,65123.0,4379.5,1
1,1,Bibliotecas especializadas - De la Administración - De otros organismos públicos,Administración Local - Ayuntamientos,Administración Local - Ayuntamientos | Gestión compartida: Administración Local - Diputaciones provinciales,,1,7,65123.0,4379.5,1
1,1,Bibliotecas Públicas,Administración Local - Diputaciones provinciales,Administración Local - Diputaciones provinciales,29.0,0,3,,,0
0,1,Bibliotecas Públicas,Administración Local - Diputaciones provinciales,Administración Local - Diputaciones provinciales,10.0,0,3,,,0
1,1,Bibliotecas Públicas,Administración Local - Diputaciones provinciales,Administración Local - Diputaciones provinciales,28.0,0,3,,,0
1,1,Bibliotecas Públicas,Administración Local - Diputaciones provinciales,Administración Local - Diputaciones provinciales,28.0,0,5,42449.0,5234.2,1
1,1,Bibliotecas Públicas,Administración Local - Diputaciones provinciales,Administración Local - Diputaciones provinciales,3.0,0,5,42449.0,5234.2,1
1,1,Bibliotecas Públicas,Administración Local - Ayuntamientos,Administración Local - Ayuntamientos,27.0,0,5,42449.0,5234.2,1
1,1,Bibliotecas de instituciones de enseñanza superior - Universitaria,Universitaria - Pública,Universitaria - Pública,12.0,0,5,42449.0,5234.2,1
0,0,Bibliotecas especializadas - De museos y conjuntos arqueológicos,Administración Local - Diputaciones provinciales,Administración Local - Diputaciones provinciales,,1,5,42449.0,5234.2,1
1,1,Bibliotecas Públicas,Administración Local - Ayuntamientos,Administración Local - Ayuntamientos,23.0,0,1,,,0
1,1,Bibliotecas Públicas,Administración Local - Ayuntamientos,Administración Local - Ayuntamientos,54.0,0,9,292161.0,23561.4,1
1,1,Bibliotecas Públicas,Administración Local - Ayuntamientos,Administración Local - Ayuntamientos,43.0,0,9,292161.0,23561.4,1
1,1,Bibliotecas Públicas,Administración Local - Ayuntamientos,Administración Local - Ayuntamientos,26.0,0,9,292161.0,23561.4,1
1,1,Bibliotecas de instituciones de enseñanza superior - Universitaria,Universitaria - Pública,Universitaria - Pública,32.0,0,9,292161.0,23561.4,1
1,0,Bibliotecas especializadas - De la Administración - De otros organismos públicos,"Poder Judicial - Tribunales, Audiencias y Juzgados",Administración Autonómica - Consejerías y Departamentos,,1,9,292161.0,23561.4,1
1,1,Bibliotecas Públicas,Administración Local - Ayuntamientos,Administración Local - Ayuntamientos,24.0,0,9,292161.0,23561.4,1
1,1,Bibliotecas Públicas,Administración Local - Ayuntamientos,Administración Local - Ayuntamientos,27.0,0,9,292161.0,23561.4,1
1,1,Bibliotecas Públicas,Administración Local - Ayuntamientos,Administración Local - Ayuntamientos,25.0,0,9,292161.0,23561.4,1
1,1,Bibliotecas Públicas,Administración Local - Ayuntamientos,Administración Local - Ayuntamientos,16.0,0,9,292161.0,23561.4,1
0,0,Bibliotecas especializadas - De museos y conjuntos arqueológicos,Privada - Otras instituciones,Privada - Otras instituciones,57.0,0,2,,,0
1,1,Bibliotecas Públicas,Administración Local - Ayuntamientos,Administración Local - Ayuntamientos,28.0,0,2,,,0
1,1,Bibliotecas Públicas,Administración Local - Ayuntamientos,Administración Local - Ayuntamientos,32.0,0,1,,,0
0,0,Bibliotecas para grupos específicos de usuarios (no especializadas) - Bibliotecas para grupos específicos de usuarios (no especializadas),Administración Autonómica - Consejerías y Departamentos,Administración Autonómica - Consejerías y Departamentos,18.0,0,3,,,0
0,0,Bibliotecas para grupos específicos de usuarios (no especializadas) - Bibliotecas para grupos específicos de usuarios (no especializadas),Administración Autonómica - Consejerías y Departamentos,Administración Autonómica - Consejerías y Departamentos,37.0,0,3,,,0
1,0,Bibliotecas Públicas,Administración Local - Ayuntamientos,Administración Local - Ayuntamientos,,1,3,,,0
1,1,Bibliotecas Públicas,Administración Local - Ayuntamientos,Administración Local - Ayuntamientos,25.0,0,1,20855.0,715.7,1
1,1,Bibliotecas Públicas,Administración Local - Ayuntamientos,Administración Local - Ayuntamientos,6.0,0,1,,,0
1,1,Bibliotecas Públicas,Administración Local - Ayuntamientos,Administración Local - Ayuntamientos,16.0,0,1,,,0
0,1,Bibliotecas Públicas,Administración Local - Ayuntamientos,Administración Local - Ayuntamientos,,1,1,,,0
1,1,Bibliotecas Públicas,Administración Local - Ayuntamientos,Administración Local - Ayuntamientos,23.0,0,1,,,0
1,1,Bibliotecas Públicas,Administración Local - Ayuntamientos,Administración Local - Ayuntamientos,26.0,0,1,,,0
1,1,Bibliotecas Públicas,Administración Local - Ayuntamientos,Administración Local - Ayuntamientos,67.0,0,2,21321.0,1241.8,1
0,0,Bibliotecas especializadas - De museos y conjuntos arqueológicos,Administración Local - Ayuntamientos,Administración Local - Ayuntamientos,46.0,0,2,21321.0,1241.8,1
1,1,Bibliotecas Públicas,Administración Local - Diputaciones provinciales,Administración Local - Diputaciones provinciales,25.0,0,7,80692.0,1937.8,1
1,1,Bibliotecas Públicas,Administración Local - Ayuntamientos,Administración Local - Ayuntamientos,14.0,0,7,80692.0,1937.8,1
0,0,Bibliotecas para grupos específicos de usuarios (no especializadas) - Bibliotecas para grupos específicos de usuarios (no especializadas),Administración General del Estado - Ministerio del Interior,Administración General del Estado - Ministerio del Interior,,1,7,80692.0,1937.8,1
1,1,Bibliotecas de instituciones de enseñanza superior - Universitaria,Universitaria - Pública,Universitaria - Pública,,1,7,80692.0,1937.8,1
1,0,Bibliotecas especializadas - De la Administración - De otros organismos públicos,"Poder Judicial - Tribunales, Audiencias y Juzgados",Administración Autonómica - Consejerías y Departamentos,,1,7,80692.0,1937.8,1
1,1,Bibliotecas Públicas,Administración Local - Ayuntamientos,Administración Local - Ayuntamientos,27.0,0,7,80692.0,1937.8,1
0,1,Bibliotecas especializadas - Otras bibliotecas especializadas,Privada - Otras instituciones,Privada - Otras instituciones,,1,7,80692.0,1937.8,1
1,0,Bibliotecas especializadas - Otras bibliotecas especializadas,Privada - Otras instituciones,Privada - Otras instituciones,34.0,0,2,28989.0,2271.9,1
1,1,Bibliotecas Públicas,Administración Local - Ayuntamientos,Administración Local - Ayuntamientos,57.0,0,2,28989.0,2271.9,1
1,0,Bibliotecas Públicas,Administración Local - Ayuntamientos,Administración Local - Ayuntamientos,,1,1,,,0
1,1,Bibliotecas Públicas,Administración Local - Ayuntamientos,Administración Local - Ayuntamientos,15.0,0,1,,,0
1,1,Bibliotecas Públicas,Administración Local - Ayuntamientos,Administración Local - Ayuntamientos,45.0,0,1,,,0
1,1,Bibliotecas Públicas,Administración Local - Ayuntamientos,Administración Local - Ayuntamientos,13.0,0,8,131370.0,5830.9,1
1,1,Bibliotecas de instituciones de enseñanza superior - Universitaria,Universitaria - Pública,Universitaria - Pública,,1,8,131370.0,5830.9,1
1,0,Bibliotecas especializadas - De la Administración - De otros organismos públicos,"Poder Judicial - Tribunales, Audiencias y Juzgados",Administración Autonómica - Consejerías y Departamentos,,1,8,131370.0,5830.9,1
0,1,Bibliotecas especializadas - De la Administración - De otros organismos públicos,Administración Local - Ayuntamientos,Administración Local - Ayuntamientos,,1,8,131370.0,5830.9,1
1,0,Bibliotecas especializadas - De centros sanitarios - De hospitales,Administración Autonómica - Consejerías y Departamentos,Administración Autonómica - Consejerías y Departamentos,45.0,0,8,131370.0,5830.9,1
1,1,Bibliotecas Públicas,Administración Local - Ayuntamientos,Administración Local - Ayuntamientos,29.0,0,8,131370.0,5830.9,1
1,1,Bibliotecas Públicas,Administración Local - Ayuntamientos,Administración Local - Ayuntamientos,97.0,0,8,131370.0,5830.9,1
1,1,Bibliotecas especializadas - De la Administración - De otros organismos públicos,Administración Local - Diputaciones provinciales,Administración Local - Diputaciones provinciales,30.0,0,8,131370.0,5830.9,1
0,0,Bibliotecas especializadas - De museos y conjuntos arqueológicos,Administración Local - Ayuntamientos,Administración Local - Ayuntamientos,23.0,0,2,,,0
1,1,Bibliotecas Públicas,Administración Local - Ayuntamientos,Administración Local - Ayuntamientos,91.0,0,2,,,0
1,1,Bibliotecas Públicas,Administración Local - Ayuntamientos,Administración Local - Ayuntamientos,,1,1,27291.0,1712.1,1
1,1,Bibliotecas Públicas,Administración Local - Ayuntamientos,Administración Local - Ayuntamientos,36.0,0,2,52759.0,4898.7,1
1,1,Bibliotecas especializadas - De la Administración - De otros organismos públicos,Administración Autonómica - Consejerías y Departamentos,Administración Autonómica - Consejerías y Departamentos,37.0,0,2,52759.0,4898.7,1
1,1,Bibliotecas especializadas - De instituciones religiosas - De órdenes Religiosas (Conventos y/o Monasterios),Privada - Instituciones religiosas,Privada - Instituciones religiosas,,1,1,,,0
1,1,Bibliotecas Públicas,Administración Local - Ayuntamientos,Administración Local - Ayuntamientos,35.0,0,3,37446.0,1595.5,1
1,1,Bibliotecas Públicas,Administración Local - Ayuntamientos,Administración Local - Ayuntamientos,44.0,0,3,37446.0,1595.5,1
0,0,Bibliotecas especializadas - De la Administración - De otros organismos públicos,Administración Local - Diputaciones provinciales,Administración Local - Diputaciones provinciales,,1,3,37446.0,1595.5,1
1,1,Bibliotecas Públicas,Administración Local - Ayuntamientos,Administración Local - Ayuntamientos,23.0,0,1,,,0
1,1,Bibliotecas Públicas,Administración Local - Ayuntamientos,Administración Local - Ayuntamientos,31.0,0,1,,,0
1,1,Bibliotecas Públicas,Administración Local - Ayuntamientos,Administración Local - Ayuntamientos,28.0,0,1,,,0
1,1,Bibliotecas Públicas,Administración Local - Ayuntamientos,Administración Local - Ayuntamientos,,1,1,,,0
1,1,Bibliotecas Públicas,Administración Local - Ayuntamientos,Administración Local - Ayuntamientos,27.0,0,1,,,0
1,1,Bibliotecas Públicas,Administración Local - Ayuntamientos,Administración Local - Ayuntamientos,7.0,0,1,,,0
1,1,Bibliotecas Públicas,Administración Local - Ayuntamientos,Administración Local - Ayuntamientos,20.0,0,1,25000.0,1503.3,1
1,1,Bibliotecas Públicas,Administración Local - Ayuntamientos,Administración Local - Ayuntamientos,19.0,0,1,,,0
0,0,Bibliotecas Públicas,Administración Local - Ayuntamientos,Administración Local - Ayuntamientos,,1,1,,,0
1,1,Bibliotecas Públicas,Administración Local - Ayuntamientos,Administración Local - Ayuntamientos,24.0,0,1,,,0
1,1,Bibliotecas Públicas,Administración Local - Ayuntamientos,Administración Local - Ayuntamientos,29.0,0,2,,,0
0,1,Bibliotecas Públicas,Administración Local - Ayuntamientos,Administración Local - Ayuntamientos,43.0,0,2,,,0
1,0,Bibliotecas Públicas,Administración Local - Ayuntamientos,Administración Local - Ayuntamientos,27.0,0,1,,,0
1,1,Bibliotecas Públicas,Administración Local - Ayuntamientos,Administración Local - Ayuntamientos,34.0,0,2,30071.0,2799.9,1
1,1,Bibliotecas Públicas,Administración Local - Ayuntamientos,Administración Local - Ayuntamientos,,1,2,30071.0,2799.9,1
1,1,Bibliotecas Públicas,Administración Local - Ayuntamientos,Administración Local - Ayuntamientos,27.0,0,1,,,0
1,1,Bibliotecas Públicas,Administración Local - Ayuntamientos,Administración Local - Ayuntamientos,23.0,0,1,,,0
1,1,Bibliotecas Públicas,Administración Local - Ayuntamientos,Administración Local - Ayuntamientos,41.0,0,1,29348.0,13909.0,1
1,1,Bibliotecas Públicas,Administración Local - Ayuntamientos,Administración Local - Ayuntamientos,,1,1,,,0
1,1,Bibliotecas Públicas,Administración Local - Ayuntamientos,Administración Local - Ayuntamientos,29.0,0,1,39773.0,9185.5,1
1,1,Bibliotecas Públicas,Administración Local - Ayuntamientos,Administración Local - Ayuntamientos,,1,1,,,0
1,1,Bibliotecas Públicas,Administración Local - Ayuntamientos,Administración Local - Ayuntamientos,,1,1,82825.0,2564.2,1
0,0,Bibliotecas especializadas - De Archivos,Administración Local - Ayuntamientos,Administración Local - Ayuntamientos,,1,16,224589.0,5943.1,1
1,1,Bibliotecas Públicas,Administración Local - Ayuntamientos,Administración Local - Ayuntamientos,54.0,0,16,224589.0,5943.1,1
0,1,Bibliotecas especializadas - De asociaciones,Privada - Otras instituciones,Privada - Otras instituciones,66.0,0,16,224589.0,5943.1,1
1,1,Bibliotecas Públicas,Administración Local - Ayuntamientos,Administración Local - Ayuntamientos,20.0,0,16,224589.0,5943.1,1
1,1,Bibliotecas de instituciones de enseñanza superior - Universitaria,Universitaria - Pública,Universitaria - Pública,33.0,0,16,224589.0,5943.1,1
1,0,Bibliotecas de instituciones de enseñanza superior - Universitaria,Universitaria - Privada,Universitaria - Privada,,1,16,224589.0,5943.1,1
1,0,Bibliotecas especializadas - De la Administración - De otros organismos públicos,"Poder Judicial - Tribunales, Audiencias y Juzgados",Administración Autonómica - Consejerías y Departamentos,,1,16,224589.0,5943.1,1
1,1,Bibliotecas Públicas,Administración Local - Ayuntamientos,Administración Local - Ayuntamientos,15.0,0,16,224589.0,5943.1,1
0,1,Bibliotecas especializadas - De centros sanitarios - De hospitales,Administración Autonómica - Consejerías y Departamentos,Administración Autonómica - Consejerías y Departamentos,,1,16,224589.0,5943.1,1
0,0,Bibliotecas especializadas - De asociaciones - De asociaciones empresariales,Privada - Otras instituciones,Privada - Otras instituciones,,1,16,224589.0,5943.1,1
0,0,Bibliotecas especializadas - De centros de investigación,Administración Autonómica - Consejerías y Departamentos,Administración Autonómica - Consejerías y Departamentos,,1,16,224589.0,5943.1,1
1,1,Bibliotecas Públicas,Administración Local - Ayuntamientos,Administración Local - Ayuntamientos,17.0,0,16,224589.0,5943.1,1
1,1,Bibliotecas Públicas,Administración Local - Ayuntamientos,Administración Local - Ayuntamientos,16.0,0,16,224589.0,5943.1,1
1,1,Bibliotecas Públicas,Administración Local - Ayuntamientos,Administración Local - Ayuntamientos,20.0,0,16,224589.0,5943.1,1
1,0,Bibliotecas especializadas - Otras bibliotecas especializadas,Privada - Otras instituciones,Privada - Otras instituciones,,1,16,224589.0,5943.1,1
1,1,Bibliotecas Públicas,Administración Local - Ayuntamientos,Administración Local - Ayuntamientos,24.0,0,16,224589.0,5943.1,1
1,0,Bibliotecas Públicas,Administración Local - Ayuntamientos,Administración Local - Ayuntamientos,108.0,0,1,,,0
1,1,Bibliotecas Públicas,Administración Local - Ayuntamientos,Administración Local - Ayuntamientos,17.0,0,2,38980.0,10204.2,1
1,1,Bibliotecas Públicas,Administración Local - Ayuntamientos,Administración Local - Ayuntamientos,30.0,0,2,38980.0,10204.2,1
1,0,Bibliotecas Públicas,Administración Local - Ayuntamientos,Administración Local - Ayuntamientos,31.0,0,2,27069.0,4921.6,1
0,0,Bibliotecas para grupos específicos de usuarios (no especializadas) - Bibliotecas para grupos específicos de usuarios (no especializadas),Administración General del Estado - Ministerio del Interior,Administración General del Estado - Ministerio del Interior,,1,2,27069.0,4921.6,1
1,1,Bibliotecas Públicas,Administración Local - Ayuntamientos,Administración Local - Ayuntamientos,21.0,0,1,,,0
1,1,Bibliotecas Públicas,Administración Local - Ayuntamientos,Administración Local - Ayuntamientos,13.0,0,1,,,0
1,1,Bibliotecas especializadas - De centros sanitarios - De hospitales,Privada - Instituciones religiosas,Privada - Instituciones religiosas,,1,4,85317.0,3973.8,1
1,1,Bibliotecas de instituciones de enseñanza superior - Universitaria,Universitaria - Pública,Universitaria - Pública,,1,4,85317.0,3973.8,1
1,0,Bibliotecas Públicas,Administración Local - Ayuntamientos,Administración Local - Ayuntamientos,21.0,0,4,85317.0,3973.8,1
1,0,Bibliotecas Públicas,Administración Local - Ayuntamientos,Administración Local - Ayuntamientos,33.0,0,4,85317.0,3973.8,1
1,1,Bibliotecas Públicas,Administración Local - Ayuntamientos,Administración Local - Ayuntamientos,27.0,0,2,,,0
1,1,Bibliotecas especializadas - De la Administración - De otros organismos públicos,Administración Local - Ayuntamientos,Administración Local - Ayuntamientos | Gestión compartida: Administración Local - Diputaciones provinciales,34.0,0,2,,,0
1,1,Bibliotecas Públicas,Administración Local - Ayuntamientos,Administración Local - Ayuntamientos,5.0,0,1,,,0
0,1,Bibliotecas especializadas - De Archivos,Administración Autonómica - Consejerías y Departamentos,Administración Autonómica - Consejerías y Departamentos,,1,10,97959.0,2031.1,1
1,1,Bibliotecas Públicas,Administración Local - Ayuntamientos,Administración Local - Ayuntamientos,25.0,0,10,97959.0,2031.1,1
0,0,Bibliotecas especializadas - De empresas o firmas comerciales - De compañías farmacéuticas,Privada - Otras instituciones,Privada - Otras instituciones,,1,10,97959.0,2031.1,1
1,1,Bibliotecas de instituciones de enseñanza superior - Universitaria,Universitaria - Privada,Universitaria - Privada,,1,10,97959.0,2031.1,1
1,1,Bibliotecas de instituciones de enseñanza superior - Universitaria,Universitaria - Pública,Universitaria - Pública,,1,10,97959.0,2031.1,1
1,0,Bibliotecas de instituciones de enseñanza superior - Universitaria,Universitaria - Privada,Universitaria - Privada,,1,10,97959.0,2031.1,1
1,1,Bibliotecas Públicas,Administración Local - Ayuntamientos,Administración Local - Ayuntamientos,15.0,0,10,97959.0,2031.1,1
1,1,Bibliotecas Públicas,Administración Local - Ayuntamientos,Administración Local - Ayuntamientos,11.0,0,10,97959.0,2031.1,1
1,1,Bibliotecas de instituciones de enseñanza superior - Universitaria,Universitaria - Privada,Universitaria - Privada,,1,10,97959.0,2031.1,1
0,0,Bibliotecas especializadas - Otras bibliotecas especializadas,Administración Autonómica - Consejerías y Departamentos,Administración Autonómica - Consejerías y Departamentos,1.0,0,10,97959.0,2031.1,1
0,0,Bibliotecas para grupos específicos de usuarios (no especializadas) - Bibliotecas para grupos específicos de usuarios (no especializadas),Administración Autonómica - Consejerías y Departamentos,Administración Autonómica - Consejerías y Departamentos,35.0,0,3,,,0
0,0,Bibliotecas para grupos específicos de usuarios (no especializadas) - Bibliotecas para grupos específicos de usuarios (no especializadas),Administración Autonómica - Consejerías y Departamentos,Administración Autonómica - Consejerías y Departamentos,19.0,0,3,,,0
1,1,Bibliotecas Públicas,Administración Local - Ayuntamientos,Administración Local - Ayuntamientos,37.0,0,3,,,0
1,1,Bibliotecas Públicas,Administración Local - Ayuntamientos,Administración Local - Ayuntamientos,19.0,0,1,,,0
0,0,Bibliotecas especializadas - De Archivos,Administración Autonómica - Consejerías y Departamentos,Administración Autonómica - Consejerías y Departamentos,,1,2,46688.0,3949.9,1
1,1,Bibliotecas Públicas,Administración Local - Ayuntamientos,Administración Local - Ayuntamientos,33.0,0,2,46688.0,3949.9,1
1,1,Bibliotecas Públicas,Administración Local - Ayuntamientos,Administración Local - Ayuntamientos,54.0,0,1,,,0
1,1,Bibliotecas Públicas,Administración Local - Ayuntamientos,Administración Local - Ayuntamientos,16.0,0,1,,,0
1,0,Bibliotecas Públicas,Administración Local - Ayuntamientos,Administración Local - Ayuntamientos,,1,1,,,0
1,1,Bibliotecas Públicas,Administración Local - Ayuntamientos,Administración Local - Ayuntamientos,,1,1,,,0
1,1,Bibliotecas Públicas,Administración Local - Ayuntamientos,Administración Local - Ayuntamientos,23.0,0,2,,,0
0,0,Bibliotecas para grupos específicos de usuarios (no especializadas) - Bibliotecas para grupos específicos de usuarios (no especializadas),Administración Autonómica - Consejerías y Departamentos,Administración Autonómica - Consejerías y Departamentos,18.0,0,2,,,0
1,1,Bibliotecas Públicas,Administración Local - Ayuntamientos,Administración Local - Ayuntamientos,15.0,0,2,35811.0,5804.1,1
1,1,Bibliotecas Públicas,Administración Local - Ayuntamientos,Administración Local - Ayuntamientos,31.0,0,2,35811.0,5804.1,1
1,1,Bibliotecas Públicas,Administración Local - Ayuntamientos,Administración Local - Ayuntamientos,2.0,0,1,,,0
1,1,Bibliotecas Públicas,Administración Local - Ayuntamientos,Administración Local - Ayuntamientos,23.0,0,1,21045.0,2694.6,1
1,1,Bibliotecas Públicas,Administración Local - Ayuntamientos,Administración Local - Diputaciones provinciales,4.0,0,1,,,0
1,1,Bibliotecas Públicas,Administración Local - Ayuntamientos,Administración Local - Ayuntamientos,33.0,0,1,,,0
1,1,Bibliotecas Públicas,Administración Local - Ayuntamientos,Administración Local - Ayuntamientos,27.0,0,1,32613.0,799.3,1
1,1,Bibliotecas Públicas,Administración Local - Ayuntamientos,Administración Local - Ayuntamientos,67.0,0,1,,,0
1,1,Bibliotecas Públicas,Administración Local - Ayuntamientos,Administración Local - Ayuntamientos,44.0,0,1,,,0
1,1,Bibliotecas Públicas,Administración Local - Ayuntamientos,Administración Local - Ayuntamientos,,1,1,,,0
1,1,Bibliotecas Públicas,Administración Local - Ayuntamientos,Administración Local - Ayuntamientos,42.0,0,1,,,0
1,1,Bibliotecas Públicas,Administración Local - Ayuntamientos,Administración Local - Ayuntamientos,50.0,0,1,,,0
1,1,Bibliotecas Públicas,Administración Local - Ayuntamientos,Administración Local - Ayuntamientos,25.0,0,1,20175.0,1433.9,1
1,1,Bibliotecas Públicas,Administración Local - Ayuntamientos,Administración Local - Ayuntamientos,27.0,0,1,,,0
1,0,Bibliotecas Públicas,Administración Local - Ayuntamientos,Administración Local - Ayuntamientos,,1,1,,,0
1,0,Bibliotecas Públicas,Administración Local - Ayuntamientos,Administración Local - Ayuntamientos,23.0,0,1,,,0
1,1,Bibliotecas Públicas,Administración Local - Ayuntamientos,Administración Local - Ayuntamientos,17.0,0,1,28760.0,3153.5,1
1,1,Bibliotecas Públicas,Administración Local - Ayuntamientos,Administración Local - Ayuntamientos,24.0,0,1,,,0
1,1,Bibliotecas Públicas,Administración Local - Ayuntamientos,Administración Local - Ayuntamientos,25.0,0,7,123250.0,17607.1,1
1,1,Bibliotecas Públicas,Administración Local - Ayuntamientos,Administración Local - Ayuntamientos,31.0,0,7,123250.0,17607.1,1
0,0,Bibliotecas especializadas - De centros sanitarios - De hospitales,Privada - Otras instituciones,Privada - Otras instituciones,19.0,0,7,123250.0,17607.1,1
1,1,Bibliotecas de instituciones de enseñanza superior - Universitaria,Universitaria - Pública,Universitaria - Pública,,1,7,123250.0,17607.1,1
1,1,Bibliotecas Públicas,Administración Local - Ayuntamientos,Administración Local - Ayuntamientos,12.0,0,7,123250.0,17607.1,1
1,1,Bibliotecas Públicas,Administración Local - Ayuntamientos,Administración Local - Ayuntamientos,,1,7,123250.0,17607.1,1
0,0,Bibliotecas especializadas - De la Administración - De otros organismos públicos,Administración Local - Ayuntamientos,Administración Local - Ayuntamientos,,1,7,123250.0,17607.1,1
1,1,Bibliotecas Públicas,Administración Local - Ayuntamientos,Administración Local - Ayuntamientos,15.0,0,1,,,0
1,1,Bibliotecas Públicas,Administración Local - Ayuntamientos,Administración Local - Ayuntamientos,,1,1,,,0
1,1,Bibliotecas Públicas,Administración Local - Ayuntamientos,Administración Local - Ayuntamientos,45.0,0,2,,,0
0,1,Bibliotecas especializadas - De la Administración - De otros organismos públicos,Administración Local - Ayuntamientos,Administración Local - Ayuntamientos,,1,2,,,0
1,1,Bibliotecas Públicas,Administración Local - Ayuntamientos,Administración Local - Ayuntamientos,26.0,0,1,,,0
1,1,Bibliotecas Públicas,Administración Local - Ayuntamientos,Administración Local - Ayuntamientos,27.0,0,1,26101.0,1648.8,1
1,1,Bibliotecas Públicas,Administración Local - Ayuntamientos,Administración Local - Ayuntamientos,44.0,0,1,,,0
1,1,Bibliotecas Públicas,Administración Local - Ayuntamientos,Administración Local - Ayuntamientos,23.0,0,1,,,0
1,1,Bibliotecas Públicas,Administración Local - Ayuntamientos,Administración Local - Ayuntamientos,26.0,0,1,,,0
1,1,Bibliotecas Públicas,Administración Local - Ayuntamientos,Administración Local - Ayuntamientos,43.0,0,2,32690.0,745.5,1
1,1,Bibliotecas Públicas,Administración Local - Ayuntamientos,Administración Local - Ayuntamientos,90.0,0,2,32690.0,745.5,1
1,1,Bibliotecas Públicas,Administración Local - Ayuntamientos,Administración Local - Ayuntamientos,76.0,0,1,,,0
1,1,Bibliotecas Públicas,Administración Local - Ayuntamientos,Administración Local - Ayuntamientos,39.0,0,1,,,0
1,1,Bibliotecas Públicas,Administración Local - Ayuntamientos,Administración Local - Ayuntamientos,17.0,0,1,,,0
1,0,Bibliotecas especializadas - De la Administración - De otros organismos públicos,"Poder Judicial - Tribunales, Audiencias y Juzgados",Administración Autonómica - Consejerías y Departamentos,,1,17,232676.0,3316.4,1
1,1,Bibliotecas Públicas,Administración Local - Ayuntamientos,Administración Local - Ayuntamientos,19.0,0,17,232676.0,3316.4,1
1,1,Bibliotecas especializadas - De museos y conjuntos arqueológicos,Administración Local - Diputaciones provinciales,Administración Local - Diputaciones provinciales,,1,17,232676.0,3316.4,1
1,1,Bibliotecas especializadas - De museos y conjuntos arqueológicos,Administración Local - Ayuntamientos Otra titularidad: Administración Local - Diputaciones provinciales,Administración Local - Ayuntamientos | Gestión compartida: Administración Local - Diputaciones provinciales,,1,17,232676.0,3316.4,1
1,1,Bibliotecas Públicas,Administración Local - Diputaciones provinciales,Administración Local - Diputaciones provinciales,25.0,0,17,232676.0,3316.4,1
1,1,Bibliotecas Públicas,Administración Local - Ayuntamientos,Administración Local - Ayuntamientos,28.0,0,17,232676.0,3316.4,1
1,1,Bibliotecas de instituciones de enseñanza superior - Universitaria,Universitaria - Pública,Universitaria - Pública,,1,17,232676.0,3316.4,1
1,1,Bibliotecas especializadas - De la Administración Corporativa - De colegios profesionales,Privada - Otras instituciones,Privada - Otras instituciones,46.0,0,17,232676.0,3316.4,1
0,1,Bibliotecas especializadas - De centros sanitarios - De hospitales,Administración Autonómica - Consejerías y Departamentos,Administración Autonómica - Consejerías y Departamentos,,1,17,232676.0,3316.4,1
0,1,Bibliotecas especializadas - De museos y conjuntos arqueológicos,Privada - Otras instituciones,Privada - Otras instituciones,26.0,0,17,232676.0,3316.4,1
1,1,Bibliotecas Públicas,Administración Local - Ayuntamientos,Administración Local - Ayuntamientos,25.0,0,17,232676.0,3316.4,1
1,1,Bibliotecas Públicas,Administración Local - Ayuntamientos,Administración Local - Ayuntamientos,15.0,0,17,232676.0,3316.4,1
1,1,Bibliotecas Públicas,Administración Local - Ayuntamientos,Administración Local - Ayuntamientos,33.0,0,17,232676.0,3316.4,1
1,1,Bibliotecas Públicas,Administración Local - Ayuntamientos,Administración Local - Ayuntamientos,20.0,0,17,232676.0,3316.4,1
1,1,Bibliotecas especializadas - De museos y conjuntos arqueológicos,Administración Autonómica - Consejerías y Departamentos,Administración Autonómica - Consejerías y Departamentos,,1,17,232676.0,3316.4,1
1,1,Bibliotecas especializadas - De la Administración - De otros organismos públicos,Administración Local - Ayuntamientos,Administración Local - Ayuntamientos | Gestión compartida: Administración Local - Diputaciones provinciales,,1,17,232676.0,3316.4,1
0,1,Bibliotecas especializadas - De centros sanitarios - De instituciones de la salud y biociencias,Privada - Otras instituciones,Privada - Otras instituciones,,1,17,232676.0,3316.4,1
1,1,Bibliotecas Públicas,Administración Local - Ayuntamientos,Administración Local - Ayuntamientos,28.0,0,1,,,0
1,1,Bibliotecas Públicas,Administración Local - Ayuntamientos,Administración Local - Ayuntamientos,33.0,0,1,,,0
1,0,Bibliotecas Públicas,Administración Local - Ayuntamientos,Administración Local - Ayuntamientos,21.0,0,1,,,0
1,1,Bibliotecas Públicas,Administración Local - Ayuntamientos,Administración Local - Ayuntamientos,39.0,0,2,,,0
1,1,Bibliotecas Públicas,Administración Local - Ayuntamientos,Administración Local - Ayuntamientos,26.0,0,2,,,0
1,1,Bibliotecas Públicas,Administración Local - Ayuntamientos,Administración Local - Ayuntamientos,21.0,0,1,,,0
1,1,Bibliotecas Públicas,Administración Local - Ayuntamientos,Administración Local - Ayuntamientos,19.0,0,1,,,0
1,1,Bibliotecas Públicas,Administración Local - Ayuntamientos,Administración Local - Ayuntamientos,65.0,0,1,,,0
1,1,Bibliotecas de instituciones de enseñanza superior - Universitaria,Universitaria - Privada,Universitaria - Privada,,1,7,50405.0,1648.3,1
1,1,Bibliotecas especializadas - De museos y conjuntos arqueológicos,Administración Local - Diputaciones provinciales,Administración Local - Diputaciones provinciales,,1,7,50405.0,1648.3,1
0,0,"Bibliotecas especializadas - De instituciones religiosas - De la Iglesia Católica (Diocesanas, Episcopales y Catedralicias)",Privada - Instituciones religiosas,Privada - Instituciones religiosas,,1,7,50405.0,1648.3,1
1,1,"Bibliotecas especializadas - De instituciones religiosas - De la Iglesia Católica (Diocesanas, Episcopales y Catedralicias)",Privada - Instituciones religiosas,Privada - Instituciones religiosas,,1,7,50405.0,1648.3,1
0,0,Bibliotecas Públicas,Administración Local - Diputaciones provinciales,Administración Local - Diputaciones provinciales,1.0,0,7,50405.0,1648.3,1
1,1,Bibliotecas de instituciones de enseñanza superior - Universitaria,Universitaria - Privada,Universitaria - Privada,,1,7,50405.0,1648.3,1
1,1,Bibliotecas Públicas,Administración Local - Ayuntamientos,Administración Local - Ayuntamientos,30.0,0,7,50405.0,1648.3,1
1,1,Bibliotecas Públicas,Administración Local - Ayuntamientos,Administración Local - Ayuntamientos,27.0,0,1,67536.0,3310.6,1
1,1,Bibliotecas Públicas,Administración Local - Ayuntamientos,Administración Local - Ayuntamientos,26.0,0,1,,,0
1,1,Bibliotecas Públicas,Administración Local - Diputaciones provinciales,Administración Local - Diputaciones provinciales,31.0,0,4,42561.0,2166.0,1
1,1,Bibliotecas Públicas,Administración Local - Diputaciones provinciales,Administración Local - Diputaciones provinciales,29.0,0,4,42561.0,2166.0,1
1,1,Bibliotecas Públicas,Administración Local - Ayuntamientos,Administración Local - Ayuntamientos,92.0,0,4,42561.0,2166.0,1
0,1,Bibliotecas especializadas - De museos y conjuntos arqueológicos,Administración Local - Ayuntamientos,Administración Local - Ayuntamientos,,1,4,42561.0,2166.0,1
1,1,Bibliotecas Públicas,Administración Local - Ayuntamientos,Administración Local - Ayuntamientos,39.0,0,1,,,0
1,1,Bibliotecas Públicas,Administración Local - Ayuntamientos,Administración Local - Ayuntamientos,15.0,0,1,,,0
1,1,Bibliotecas Públicas,Administración Local - Ayuntamientos,Administración Local - Ayuntamientos,23.0,0,5,71305.0,2097.8,1
1,1,Bibliotecas de instituciones de enseñanza superior - Universitaria,Universitaria - Pública,Universitaria - Pública,,1,5,71305.0,2097.8,1
1,1,Bibliotecas Públicas,Administración Local - Ayuntamientos,Administración Local - Ayuntamientos,31.0,0,5,71305.0,2097.8,1
1,0,Bibliotecas especializadas - De museos y conjuntos arqueológicos,Administración Local - Ayuntamientos,Administración Local - Ayuntamientos,,1,5,71305.0,2097.8,1
1,1,Bibliotecas especializadas - De la Administración - De otros organismos públicos,Administración Local - Ayuntamientos,Administración Local - Ayuntamientos | Gestión compartida: Administración Local - Diputaciones provinciales,,1,5,71305.0,2097.8,1
1,1,Bibliotecas Públicas,Administración Local - Ayuntamientos,Administración Local - Ayuntamientos,45.0,0,2,,,0
1,0,Bibliotecas especializadas - De la Administración - De otros organismos públicos,Administración Local - Diputaciones provinciales,Administración Local - Diputaciones provinciales,,1,2,,,0
1,1,Bibliotecas Públicas,Administración Local - Ayuntamientos,Administración Local - Ayuntamientos,17.0,0,1,21234.0,5308.5,1
